<?xml version="1.0" encoding="UTF-8"?>

<PatientInfo>


<Patient>

<pId>1001</pId>
<initial>M</initial>
<surname>De Silva</surname>
<age>65</age>
<address>456 Temple Rd Colombo02</address>
<tele_No>0715556842</tele_No>
<blood_type>A+</blood_type>
<allergy>Null</allergy>
<room_No>1</room_No>
<med_code>2001</med_code>

</Patient>


<Patient>

<pId>1002</pId>
<initial>R D</initial>
<surname>Wickramage</surname>
<age>30</age>
<address>76 Negombo Rd Colombo1</address>
<tele_No>0777125033</tele_No>
<blood_type>O-</blood_type>
<allergy>Penicillin</allergy>
<room_No>2</room_No>
<med_code>2002</med_code>

</Patient>


<Patient>

<pId>1003</pId>
<initial>L D</initial>
<surname>Peiris</surname>
<age>25</age>
<address>321 Perera Ln Colombo7</address>
<tele_No>0787776666</tele_No>
<blood_type>AB+</blood_type>
<allergy>NULL</allergy>
<room_No>3</room_No>
<med_code>2003</med_code>

</Patient>
<Patient>

<pId>1004</pId>
<initial>W</initial>
<surname>Perera</surname>
<age>38</age>
<address>654 Maple StColombo4</address>
<tele_No>0710888777</tele_No>
<blood_type>B+</blood_type>
<allergy>Pollen</allergy>
<room_No>4</room_No>
<med_code>2001</med_code>

</Patient>

</PatientInfo>