<?xml version="1.0" encoding="UTF-8"?>

<StaffInfo>


<Staff>

<empId>1</empId>
<emp_name>Renuka Peiris</emp_name>
<gender>Male</gender>
<address>123 Main St Gampaha</address>
<telephone_number>0775641238</telephone_number>

</Staff>


<Staff>

<empId>2</empId>
<emp_name>Janani Fernando</emp_name>
<gender>Female</gender>
<address>456 flower Rd Colombo5</address>
<telephone_number>0701452369</telephone_number>

</Staff>


<Staff>

<empId>3</empId>
<emp_name>Melan Gunathilaka</emp_name>
<gender>Male</gender>
<address>789 Havelock Rd Colombo5</address>
<telephone_number>0765489231</telephone_number>

</Staff>


<Staff>

<empId>4</empId>
<emp_name>Shriyani Perera</emp_name>
<gender>Female</gender>
<address>987 Temple St Peliyagoda</address>
<telephone_number>07788899990</telephone_number>

</Staff>

</StaffInfo>